Workbook

Sheet timing_marks
A1: step | B1: substep | C1: timestamp | D1: runtime | E1: descr
A2: init | B2: start_create_topo | C2: 2025-05-20 01:48:49.571821 | E2: -
A3: init | B3: end_create_topo | C3: 2025-05-20 01:50:09.277964 | D3: 0:01:19.706 | E3: -
A4: init | B4: start_calc_economics | C4: 2025-05-20 01:50:09.280125 | E4: -
A5: init | B5: end_calc_economics | C5: 2025-05-20 01:54:00.339479 | D5: 0:03:51.059 | E5: -
A6: init | B6: start_sanity_check | C6: 2025-05-20 01:54:00.344107 | E6: -
A7: init | B7: end_sanity_check_allocation | C7: 2025-05-20 01:57:50.837798 | D7: 0:03:46.644 | E7: -
A8: init | B8: end_sanity_check_summary_by_EGID | C8: 2025-05-20 01:57:50.995695 | D8: 0:00:00.154 | E8: -
A9: init | B9: end_sanity_check_export_spatial_data | C9: 2025-05-20 01:59:00.493632 | D9: 0:01:09.494 | E9: -
A10: init | B10: end_sanity_check | C10: 2025-05-20 01:59:00.496010 | D10: 0:05:00.151 | E10: -
A11: MCalgo | B11: START_MC_algo | C11: 2025-05-20 01:59:00.560781 | E11: -
A12: MCalgo | B12: start_MC_iter_1 | C12: 2025-05-20 01:59:00.563473 | E12: -
A13: MCalgo | B13: end update_gridprem_1 | C13: 2025-05-20 01:59:27.563163 | D13: 0:00:26.239 | E13: -
A14: MCalgo | B14: end update_npv_1 | C14: 2025-05-20 02:00:53.541822 | D14: 0:01:25.974 | E14: -
A15: MCalgo | B15: end inst_whileloop_1 | C15: 2025-05-20 02:00:54.245694 | D15: 0:00:00.698 | E15: -
A16: MCalgo | B16: end update_gridprem_2 | C16: 2025-05-20 02:01:20.411432 | D16: 0:00:26.162 | E16: -
A17: MCalgo | B17: end update_npv_2 | C17: 2025-05-20 02:02:46.353774 | D17: 0:01:25.939 | E17: -
A18: MCalgo | B18: end inst_whileloop_2 | C18: 2025-05-20 02:02:47.059059 | D18: 0:00:00.699 | E18: -
A19: MCalgo | B19: end update_gridprem_3 | C19: 2025-05-20 02:03:13.468232 | D19: 0:00:26.406 | E19: -
A20: MCalgo | B20: end update_npv_3 | C20: 2025-05-20 02:04:39.565708 | D20: 0:01:26.094 | E20: -
A21: MCalgo | B21: end inst_whileloop_3 | C21: 2025-05-20 02:04:40.346237 | D21: 0:00:00.775 | E21: -
A22: MCalgo | B22: end update_gridprem_4 | C22: 2025-05-20 02:05:07.201475 | D22: 0:00:26.851 | E22: -
A23: MCalgo | B23: end update_npv_4 | C23: 2025-05-20 02:06:33.254016 | D23: 0:01:26.047 | E23: -
A24: MCalgo | B24: end inst_whileloop_4 | C24: 2025-05-20 02:06:33.981801 | D24: 0:00:00.722 | E24: -
... A33: MCalgo | B33: end_MC_iter_1 | C33: 2025-05-20 05:45:55.534313 | D33: 3:46:54.970 | E33: -
A34: MCalgo | B34: start_MC_iter_2 | C34: 2025-05-20 05:45:55.538365 | E34: -
A35: MCalgo | B35: end update_gridprem_1 | C35: 2025-05-20 05:46:23.117231 | D35: 0:00:26.846 | E35: -
A36: MCalgo | B36: end update_npv_1 | C36: 2025-05-20 05:47:49.156774 | D36: 0:01:26.036 | E36: -
A37: MCalgo | B37: end inst_whileloop_1 | C37: 2025-05-20 05:47:49.817635 | D37: 0:00:00.655 | E37: -
A38: MCalgo | B38: end update_gridprem_2 | C38: 2025-05-20 05:48:15.567923 | D38: 0:00:25.747 | E38: -
A39: MCalgo | B39: end update_npv_2 | C39: 2025-05-20 05:49:40.158792 | D39: 0:01:24.586 | E39: -
A40: MCalgo | B40: end inst_whileloop_2 | C40: 2025-05-20 05:49:40.800804 | D40: 0:00:00.633 | E40: -
A41: MCalgo | B41: end update_gridprem_3 | C41: 2025-05-20 05:50:06.733187 | D41: 0:00:25.929 | E41: -
A42: MCalgo | B42: end update_npv_3 | C42: 2025-05-20 05:51:32.301764 | D42: 0:01:25.564 | E42: -
A43: MCalgo | B43: end inst_whileloop_3 | C43: 2025-05-20 05:51:32.944714 | D43: 0:00:00.637 | E43: -
A44: MCalgo | B44: end update_gridprem_4 | C44: 2025-05-20 05:51:59.220492 | D44: 0:00:26.272 | E44: -
A45: MCalgo | B45: end update_npv_4 | C45: 2025-05-20 05:53:24.083611 | D45: 0:01:24.860 | E45: -
A46: MCalgo | B46: end inst_whileloop_4 | C46: 2025-05-20 05:53:24.745864 | D46: 0:00:00.657 | E46: -
... A56: MCalgo | B56: END_MC_algo | C56: 2025-05-20 01:59:00.560781 | D56: 7:34:20.224 | E56: -

Sheet excel_format_conversion
A1: =timing_marks!A1 -> step | B1: =timing_marks!B1 -> substep | C1: =timing_marks!C1 -> timestamp | D1: =timing_marks!D1 -> runtime | E1: =timing_marks!E1 -> descr | F1: timestamp_to_TIME | G1: cum_runtime
A2: =timing_marks!A2 -> init | B2: =timing_marks!B2 -> start_create_topo | C2: =timing_marks!C2 -> 2025-05-20 01:48:49.571821 | D2: =timing_marks!D2 -> 0 | E2: =timing_marks!E2 -> -
A3: =timing_marks!A3 -> init | B3: =timing_marks!B3 -> end_create_topo | C3: =timing_marks!C3 -> 2025-05-20 01:50:09.277964 | D3: =timing_marks!D3 -> 0:01:19.706 | E3: =timing_marks!E3 -> - | F3: =TIME(MID(C3,12,2),MID(C3,15,2),MID(C3,18,2))-TIME(MID(C2,12,2),MID(C2,15,2),MID(C2,18,2)) -> 0.00092592593 | G3: =TIME(MID(C3,12,2),MID(C3,15,2),MID(C3,18,2))-TIME(MID($C$2,12,2),MID($C$2,15,2),MID($C$2,18,2)) -> 0.00092592593
A4: =timing_marks!A4 -> init | B4: =timing_marks!B4 -> start_calc_economics | C4: =timing_marks!C4 -> 2025-05-20 01:50:09.280125 | D4: =timing_marks!D4 -> 0 | E4: =timing_marks!E4 -> - | F4: =TIME(MID(C4,12,2),MID(C4,15,2),MID(C4,18,2))-TIME(MID(C3,12,2),MID(C3,15,2),MID(C3,18,2)) -> 0 | G4: =TIME(MID(C4,12,2),MID(C4,15,2),MID(C4,18,2))-TIME(MID($C$2,12,2),MID($C$2,15,2),MID($C$2,18,2)) -> 0.00092592593
A5: =timing_marks!A5 -> init | B5: =timing_marks!B5 -> end_calc_economics | C5: =timing_marks!C5 -> 2025-05-20 01:54:00.339479 | D5: =timing_marks!D5 -> 0:03:51.059 | E5: =timing_marks!E5 -> - | F5: =TIME(MID(C5,12,2),MID(C5,15,2),MID(C5,18,2))-TIME(MID(C4,12,2),MID(C4,15,2),MID(C4,18,2)) -> 0.0026736111 | G5: =TIME(MID(C5,12,2),MID(C5,15,2),MID(C5,18,2))-TIME(MID($C$2,12,2),MID($C$2,15,2),MID($C$2,18,2)) -> 0.003599537
A6: =timing_marks!A6 -> init | B6: =timing_marks!B6 -> start_sanity_check | C6: =timing_marks!C6 -> 2025-05-20 01:54:00.344107 | D6: =timing_marks!D6 -> 0 | E6: =timing_marks!E6 -> - | F6: =TIME(MID(C6,12,2),MID(C6,15,2),MID(C6,18,2))-TIME(MID(C5,12,2),MID(C5,15,2),MID(C5,18,2)) -> 0 | G6: =TIME(MID(C6,12,2),MID(C6,15,2),MID(C6,18,2))-TIME(MID($C$2,12,2),MID($C$2,15,2),MID($C$2,18,2)) -> 0.003599537
A7: =timing_marks!A7 -> init | B7: =timing_marks!B7 -> end_sanity_check_allocation | C7: =timing_marks!C7 -> 2025-05-20 01:57:50.837798 | D7: =timing_marks!D7 -> 0:03:46.644 | E7: =timing_marks!E7 -> - | F7: =TIME(MID(C7,12,2),MID(C7,15,2),MID(C7,18,2))-TIME(MID(C6,12,2),MID(C6,15,2),MID(C6,18,2)) -> 0.002662037 | G7: =TIME(MID(C7,12,2),MID(C7,15,2),MID(C7,18,2))-TIME(MID($C$2,12,2),MID($C$2,15,2),MID($C$2,18,2)) -> 0.0062615741
A8: =timing_marks!A8 -> init | B8: =timing_marks!B8 -> end_sanity_check_summary_by_EGID | C8: =timing_marks!C8 -> 2025-05-20 01:57:50.995695 | D8: =timing_marks!D8 -> 0:00:00.154 | E8: =timing_marks!E8 -> - | F8: =TIME(MID(C8,12,2),MID(C8,15,2),MID(C8,18,2))-TIME(MID(C7,12,2),MID(C7,15,2),MID(C7,18,2)) -> 0 | G8: =TIME(MID(C8,12,2),MID(C8,15,2),MID(C8,18,2))-TIME(MID($C$2,12,2),MID($C$2,15,2),MID($C$2,18,2)) -> 0.0062615741
A9: =timing_marks!A9 -> init | B9: =timing_marks!B9 -> end_sanity_check_export_spatial_data | C9: =timing_marks!C9 -> 2025-05-20 01:59:00.493632 | D9: =timing_marks!D9 -> 0:01:09.494 | E9: =timing_marks!E9 -> - | F9: =TIME(MID(C9,12,2),MID(C9,15,2),MID(C9,18,2))-TIME(MID(C8,12,2),MID(C8,15,2),MID(C8,18,2)) -> 0.00081018519 | G9: =TIME(MID(C9,12,2),MID(C9,15,2),MID(C9,18,2))-TIME(MID($C$2,12,2),MID($C$2,15,2),MID($C$2,18,2)) -> 0.0070717593
A10: =timing_marks!A10 -> init | B10: =timing_marks!B10 -> end_sanity_check | C10: =timing_marks!C10 -> 2025-05-20 01:59:00.496010 | D10: =timing_marks!D10 -> 0:05:00.151 | E10: =timing_marks!E10 -> - | F10: =TIME(MID(C10,12,2),MID(C10,15,2),MID(C10,18,2))-TIME(MID(C9,12,2),MID(C9,15,2),MID(C9,18,2)) -> 0 | G10: =TIME(MID(C10,12,2),MID(C10,15,2),MID(C10,18,2))-TIME(MID($C$2,12,2),MID($C$2,15,2),MID($C$2,18,2)) -> 0.0070717593
A11: =timing_marks!A11 -> MCalgo | B11: =timing_marks!B11 -> START_MC_algo | C11: =timing_marks!C11 -> 2025-05-20 01:59:00.560781 | D11: =timing_marks!D11 -> 0 | E11: =timing_marks!E11 -> - | F11: =TIME(MID(C11,12,2),MID(C11,15,2),MID(C11,18,2))-TIME(MID(C10,12,2),MID(C10,15,2),MID(C10,18,2)) -> 0 | G11: =TIME(MID(C11,12,2),MID(C11,15,2),MID(C11,18,2))-TIME(MID($C$2,12,2),MID($C$2,15,2),MID($C$2,18,2)) -> 0.0070717593
A12: =timing_marks!A12 -> MCalgo | B12: =timing_marks!B12 -> start_MC_iter_1 | C12: =timing_marks!C12 -> 2025-05-20 01:59:00.563473 | D12: =timing_marks!D12 -> 0 | E12: =timing_marks!E12 -> - | F12: =TIME(MID(C12,12,2),MID(C12,15,2),MID(C12,18,2))-TIME(MID(C11,12,2),MID(C11,15,2),MID(C11,18,2)) -> 0 | G12: =TIME(MID(C12,12,2),MID(C12,15,2),MID(C12,18,2))-TIME(MID($C$2,12,2),MID($C$2,15,2),MID($C$2,18,2)) -> 0.0070717593
A13: =timing_marks!A13 -> MCalgo | B13: =timing_marks!B13 -> end update_gridprem_1 | C13: =timing_marks!C13 -> 2025-05-20 01:59:27.563163 | D13: =timing_marks!D13 -> 0:00:26.239 | E13: =timing_marks!E13 -> - | F13: =TIME(MID(C13,12,2),MID(C13,15,2),MID(C13,18,2))-TIME(MID(C12,12,2),MID(C12,15,2),MID(C12,18,2)) -> 0.0003125 | G13: =TIME(MID(C13,12,2),MID(C13,15,2),MID(C13,18,2))-TIME(MID($C$2,12,2),MID($C$2,15,2),MID($C$2,18,2)) -> 0.0073842593
A14: =timing_marks!A14 -> MCalgo | B14: =timing_marks!B14 -> end update_npv_1 | C14: =timing_marks!C14 -> 2025-05-20 02:00:53.541822 | D14: =timing_marks!D14 -> 0:01:25.974 | E14: =timing_marks!E14 -> - | F14: =TIME(MID(C14,12,2),MID(C14,15,2),MID(C14,18,2))-TIME(MID(C13,12,2),MID(C13,15,2),MID(C13,18,2)) -> 0.00099537037 | G14: =TIME(MID(C14,12,2),MID(C14,15,2),MID(C14,18,2))-TIME(MID($C$2,12,2),MID($C$2,15,2),MID($C$2,18,2)) -> 0.0083796296
... A61: =timing_marks!A61 -> 0 | B61: =timing_marks!B61 -> 0 | C61: =timing_marks!C61 -> 0 | D61: =timing_marks!D61 -> 0 | E61: =timing_marks!E61 -> 0 | F61: =TIME(MID(C61,12,2),MID(C61,15,2),MID(C61,18,2))-TIME(MID(C60,12,2),MID(C60,15,2),MID(C60,18,2)) -> #VALUE! | G61: =TIME(MID(C61,12,2),MID(C61,15,2),MID(C61,18,2))-TIME(MID($C$2,12,2),MID($C$2,15,2),MID($C$2,18,2)) -> #VALUE!
